id,title,category,question,script_en,script_ja,chunks,audio_normal,audio_slow,audio_qa
01_self_introduction,Self Introduction,interview,Could you briefly introduce yourself?,"I currently work for the Fukuoka Prefectural Government, mainly in the tourism field.

Over the years, I have worked in several areas, including urban development, taxation, international exchange, tourism promotion, and overseas operations.

I also spent three years in Bangkok, where I was responsible for managing our local office and coordinating with Thai government agencies, companies, and other organizations.

Through these experiences, I have developed strong skills in coordination, communication, and problem solving.

Now, I’m looking for a new opportunity where I can use my experience in a more business-oriented and international environment.","現在、福岡県庁で主に観光分野の仕事をしています。

これまで、都市開発、税務、国際交流、観光振興、海外業務など、さまざまな分野を経験してきました。

また、バンコクに3年間勤務し、現地事務所の運営や、タイ政府機関、企業、その他の関係機関との調整を担当しました。

こうした経験を通じて、調整力、コミュニケーション力、問題解決力を培ってきました。

今後は、これまでの経験を、よりビジネスに近く国際的な環境で活かせる新しい機会を探しています。","I currently work for … | Over the years, I have worked in … | I was responsible for … | Through these experiences … | I’m looking for a new opportunity where …",audio/01_self_introduction_normal.mp3,audio/01_self_introduction_slow.mp3,audio/01_self_introduction_qa.mp3
02_reason_for_change,Reason for Career Change,interview,Why are you looking for a new opportunity?,"I’ve had a wide range of experiences in the public sector, and I’ve learned a lot from them.

But over time, I realized that I feel most motivated when I’m closer to the actual business and the people running it.

In government, my role has often been to coordinate different stakeholders and support projects from the public-sector side. But sometimes, I wanted to stay closer to the project and see more directly how the decisions actually affected the business.

My experience in Bangkok also made me realize that I enjoy working close to the field, where you have to make practical decisions and deal with problems as they happen.

At this stage of my career, I’d like to take more ownership, be involved in day-to-day operations, and be more directly responsible for results.

That’s why I’m looking for a new opportunity.","公共部門では幅広い経験を積み、そこから多くのことを学んできました。

ただ、時間が経つにつれて、実際の事業や、それを動かしている人たちにより近いところで働くときに、自分は最もやりがいを感じるのだと気づきました。

行政では、異なる関係者を調整し、公共部門の立場からプロジェクトを支援する役割を担うことが多くありました。ただ時には、そのプロジェクトにもっと近いところに関わり続け、意思決定が実際の事業にどのような影響を与えたのかを、より直接的に見たいと思うこともありました。

バンコクでの経験を通じても、現場に近いところで、実務的な判断をし、起きた問題にその場で対応していく仕事を自分が楽しんでいると気づきました。

キャリアのこの段階では、より主体的に責任を持ち、日々の事業運営に関わり、成果に対してより直接的な責任を負いたいと考えています。

そのため、新しい機会を探しています。",I’ve had a wide range of experiences in the public sector | I feel most motivated when I’m closer to the actual business | coordinate different stakeholders and support projects | see more directly how the decisions actually affected the business | My experience in Bangkok also made me realize that … | make practical decisions and deal with problems as they happen | take more ownership | be involved in day-to-day operations | be more directly responsible for results | That’s why I’m looking for a new opportunity.,audio/02_reason_for_change_normal.mp3,audio/02_reason_for_change_slow.mp3,audio/02_reason_for_change_qa.mp3
03_bangkok_experience,Bangkok Experience,interview,Could you tell me about your experience in Thailand?,"During my three years in Bangkok, I managed the local office and worked with Thai government agencies, companies, and Japanese organizations.

One of my main roles was to coordinate projects between Japan and Thailand.

There were often differences in business culture, communication style, and expectations, so I had to make sure that both sides understood each other clearly.

I learned that good communication is not only about language. It is also about understanding the other side’s priorities and finding a practical solution.

That experience taught me how to work effectively in an international environment.","バンコクでの3年間は、現地事務所を運営しながら、タイ政府機関、企業、日本側の関係機関と仕事をしていました。

主な役割の一つは、日本とタイの間のプロジェクトを調整することでした。

ビジネス文化、コミュニケーションのスタイル、期待することに違いがある場合が多かったため、双方が互いを正確に理解できるようにする必要がありました。

良いコミュニケーションは語学だけではなく、相手の優先事項を理解し、現実的な解決策を見つけることでもあると学びました。

この経験から、国際的な環境で効果的に働く方法を身につけました。",During my three years in Bangkok … | One of my main roles was to … | I had to make sure that … | It is also about understanding … | That experience taught me how to …,audio/03_bangkok_experience_normal.mp3,audio/03_bangkok_experience_slow.mp3,audio/03_bangkok_experience_qa.mp3
04_meeting_facilitation,Meeting Facilitation,meeting,Could you facilitate a short business meeting in English?,"Shall we get started?

Thank you everyone for joining today.

The main purpose of today’s meeting is to discuss our current priorities.

Let’s hear from each team first.

Does anyone have a different view?

Can we come back to the main point?

I think we are discussing two separate issues here. Let’s focus on the first issue for now.

Just to make sure we are on the same page, what we have agreed on is to review the proposal and confirm the schedule by Friday.

Who will take care of this?

If there are no other comments, let’s wrap up.

Thank you everyone. I’ll send a summary after the meeting.","それでは始めましょうか。

本日はご参加ありがとうございます。

今日の会議の主な目的は、現在の優先事項について話し合うことです。

まず各チームから意見を聞きましょう。

別の意見がある方はいらっしゃいますか。

本題に戻りましょう。

今は二つの別の論点を話していると思います。まず一つ目に集中しましょう。

認識を合わせるために確認すると、合意したのは、提案内容を見直し、金曜日までにスケジュールを確認するということです。

これは誰が担当しますか。

他にコメントがなければ、そろそろ終わりにしましょう。

ありがとうございました。会議後に要点を共有します。","Shall we get started? | The main purpose of today’s meeting is … | Can we come back to the main point? | Just to make sure we are on the same page … | Who will take care of this? | If there are no other comments, let’s wrap up.",audio/04_meeting_facilitation_normal.mp3,audio/04_meeting_facilitation_slow.mp3,audio/04_meeting_facilitation_qa.mp3
05_problem_solving,Problem Solving and Coordination,meeting,How would you handle a difficult request or disagreement?,"I understand your concern, and I see your point.

Let me clarify one thing first.

I think we have two separate issues here, so I would like to deal with them one at a time.

I’m not sure we can meet that deadline with the current resources.

If this is the top priority, we may need to postpone something else.

Before we make a decision, I’d like to confirm a few things with the team.

Let me check the details and get back to you.

I think both sides have a valid point, so let’s look for a practical solution that works for everyone.","ご懸念は理解していますし、おっしゃることも分かります。

まず一点確認させてください。

今は二つの別の問題があると思うので、一つずつ整理したいと思います。

現在の人員や時間では、その期限に間に合わせるのは難しいかもしれません。

これを最優先にするのであれば、他の何かを後ろ倒しにする必要があります。

決定する前に、チームといくつか確認したいことがあります。

詳細を確認して、改めてご連絡します。

双方の意見に妥当な点があると思うので、全員にとって現実的な解決策を探しましょう。","I understand your concern. | Let me clarify one thing. | I think we have two separate issues here. | If this is the top priority, we may need to postpone something else. | Let me check the details and get back to you. | Let’s look for a practical solution.",audio/05_problem_solving_normal.mp3,audio/05_problem_solving_slow.mp3,audio/05_problem_solving_qa.mp3
